id;name;email;address;phone
1;Assistant;Lawson_Greenfelder@gmail.com;green Investment Security;933-832-6801
2;Principal Sahara;Kassandra_Huel4@yahoo.com;Tennessee Chile Extended;779.391.7492 x8940
3;Uzbekistan;Bailey.Pouros7@gmail.com;Generic bluetooth;(832) 485-8607
4;violet Licensed Kids;Maxwell_Ernser@gmail.com;Dollar calculate Chair;1-373-786-9016 x84585
5;connect Omani;Arjun25@yahoo.com;bypass Hat Berkshire;618.371.7460
6;Horizontal generating Cliff;Zella39@hotmail.com;Rubber Centralized technologies;1-224-960-4948
7;Virtual channels invoice;Clair.Schultz@yahoo.com;fuchsia International;1-212-810-6729
8;Concrete wireless;Aisha.Mueller52@hotmail.com;parsing;(764) 998-6618 x754
9;withdrawal Chief system-worthy;Stone40@hotmail.com;Account Maine Sausages;1-678-577-7871
10;Strategist full-range;Shawna.Schimmel16@gmail.com;portal;754.567.1285 x036
